Month,NDVI,EVI,LST,LST_Night,Rainfall,Soil_Moisture,SPI,PET,SPEI,NDVI_min,NDVI_max,VCI,LST_min,LST_max,TCI,SM_min,SM_max,SMCI,VHI,SIWSI
01-02-2005,3560.2292,1771.890719,36.32675489,19.3386337,0.282769339,0.280525181,-0.09507815,194.6655659,-0.246316563,3560.2292,3822.114532,0,30.80812491,36.32675489,0,0.233993088,0.280525181,100,0,0.35760271
01-03-2005,3159.01569,1627.739642,43.58672414,21.5882583,0.684163535,0.223196816,0.418754993,233.2266011,-1.276768966,3159.01569,3822.114532,0,30.80812491,43.58672414,0,0.223196816,0.280525181,0,0,0.321450601
01-04-2005,2687.818978,1446.845404,45.1601298,23.73770928,0.407141648,0.205700584,0.279622567,241.8425212,-1.655048314,2687.818978,3822.114532,0,30.80812491,45.1601298,0,0.205700584,0.280525181,0,0,0.275116837
01-05-2005,2483.991507,1311.195304,49.10846569,27.02632959,0.233381011,0.207460928,-0.705557313,258.5912286,-3.055346732,2483.991507,3822.114532,0,30.80812491,49.10846569,0,0.205700584,0.280525181,2.352627492,0,0.255993157
01-06-2005,1899.864131,1137.387249,45.85646452,27.81109167,4.481979235,0.261447046,-0.653549557,240.2063666,-1.401600136,1899.864131,3822.114532,0,30.80812491,49.10846569,17.77016728,0.205700584,0.280525181,74.50285616,8.885083638,0.159397545
01-07-2005,4393.472547,2800.758156,34.94015063,16.98484615,16.21278794,0.451964417,1.2268572,191.928224,0.08209642,1899.864131,4393.472547,100,30.80812491,49.10846569,77.42104495,0.205700584,0.451964417,100,88.71052247,0.418576449
01-08-2005,6386.192003,4339.039995,32.78485027,22.46705265,8.056887792,0.426714173,-0.552323833,151.0211889,0.510185326,1899.864131,6386.192003,100,30.80812491,49.10846569,89.19842324,0.205700584,0.451964417,89.74666997,94.59921162,0.634198678
01-09-2005,6867.582424,4318.002996,30.50494728,21.47444743,7.762427475,0.428340855,0.149513298,136.1972028,0.658543122,1899.864131,6867.582424,100,30.50494728,49.10846569,100,0.205700584,0.451964417,90.40721421,100,0.693947166
01-10-2005,6587.02149,3721.378903,31.29170655,19.79175994,2.72996577,0.355201387,1.035281803,152.1228792,0.437535579,1899.864131,6867.582424,94.35231795,30.50494728,49.10846569,95.77091147,0.205700584,0.451964417,60.7075759,95.06161471,0.66518828
01-11-2005,5835.453421,3351.272773,31.05736538,15.06136421,0.126591353,0.249676726,-0.938772659,169.1366304,0.182838663,1899.864131,6867.582424,79.22327832,30.50494728,49.10846569,97.03057194,0.205700584,0.451964417,17.85732854,88.12692513,0.588302811
01-12-2005,5086.421949,2738.710168,28.93215136,12.76684006,0.086422578,0.213126101,-0.463826221,160.8333906,0.296787962,1899.864131,6867.582424,64.14530031,28.93215136,49.10846569,100,0.205700584,0.451964417,3.01526893,82.07265015,0.507488368
01-01-2006,4594.486394,2467.581299,30.92464976,14.28200618,0.215460314,0.205542396,-0.798387422,170.5959218,0.162886033,1899.864131,6867.582424,54.24265434,28.93215136,49.10846569,90.12456703,0.205542396,0.451964417,0,72.18361069,0.454067443
01-02-2006,3696.547923,2047.849915,37.08839595,18.51649759,0.172937595,0.203027177,-1.276364006,203.4026674,-0.43272448,1899.864131,6867.582424,36.16718353,28.93215136,49.10846569,59.57515106,0.203027177,0.451964417,0,47.87116729,0.365485742
01-03-2006,3414.077404,1772.586171,40.10460782,20.80442177,1.487601576,0.289360151,2.095073919,219.4113304,-0.801911473,1899.864131,6867.582424,30.48106159,28.93215136,49.10846569,44.62588022,0.203027177,0.451964417,34.6806182,37.5534709,0.342473087
01-04-2006,3188.553354,1773.591407,45.21778068,24.39334123,0.376526752,0.225833251,0.153777856,243.4932933,-1.738973196,1899.864131,6867.582424,25.94127015,28.93215136,49.10846569,19.28342783,0.203027177,0.451964417,9.16137462,22.61234899,0.322872352
01-05-2006,3061.554295,1717.682045,43.88218343,26.58113529,1.618099643,0.240581905,2.847760507,228.3030816,-1.069730822,1899.864131,6867.582424,23.38478341,28.93215136,49.10846569,25.90305726,0.203027177,0.451964417,15.08602234,24.64392034,0.315500116
01-06-2006,2766.062163,1626.924493,43.39132775,26.38428746,3.869124884,0.274431715,-0.990983093,224.8872571,-0.89162394,1899.864131,6867.582424,17.43653686,28.93215136,49.10846569,28.33588853,0.203027177,0.451964417,28.68375096,22.8862127,0.264772375
01-07-2006,3222.861156,2317.700215,29.06584558,20.51457235,10.49735785,0.426161533,-0.297733047,128.9037382,0.74996767,1899.864131,6867.582424,26.63188503,28.93215136,49.10846569,99.33737047,0.203027177,0.451964417,89.63478328,62.98462775,0.283562611
01-08-2006,6262.204813,4281.445616,29.06096233,20.11755521,13.70576331,0.445293935,1.363564755,131.2041804,0.757854987,1899.864131,6867.582424,87.81376931,28.93215136,49.10846569,99.36157334,0.203027177,0.451964417,97.32041628,93.58767133,0.620814881
01-09-2006,6854.219099,4378.672891,30.55362421,22.87741052,8.607051144,0.439059469,0.494089928,127.6513179,0.744389421,1899.864131,6867.582424,99.73099673,28.93215136,49.10846569,91.96348342,0.203027177,0.451964417,94.81598346,95.84724007,0.690560396
01-10-2006,6217.34736,3616.092093,32.61718298,21.07252105,0.41528571,0.325354713,-1.362026795,157.0009742,0.350354286,1899.864131,6867.582424,86.91079032,28.93215136,49.10846569,81.73585344,0.203027177,0.451964417,49.13990986,84.32332188,0.625713903
01-11-2006,5674.497739,3102.802565,31.40442573,18.67526236,0.545035486,0.273696278,0.679273737,158.1933275,0.336903857,1899.864131,6867.582424,75.98324593,28.93215136,49.10846569,87.7466502,0.203027177,0.451964417,28.38832006,81.86494807,0.570856837
01-12-2006,4938.794744,2633.325701,30.19764251,15.89936348,0.047202755,0.215091417,-1.320264926,159.8668358,0.308935315,1899.864131,6867.582424,61.17356971,28.93215136,49.10846569,93.72783784,0.203027177,0.451964417,4.846297577,77.45070377,0.493108012
01-01-2007,4314.692588,2334.762388,30.88421544,14.94871652,0.21475561,0.204577104,-0.805695534,168.2260542,0.197182903,1899.864131,6867.582424,48.61041456,28.93215136,49.10846569,90.32497189,0.203027177,0.451964417,0.622617521,69.46769322,0.427578668
01-02-2007,3547.561192,1942.936592,35.61451602,18.03756317,0.229109616,0.207303135,-0.623104953,193.6424149,-0.227237496,1899.864131,6867.582424,33.1680857,28.93215136,49.10846569,66.88015191,0.203027177,0.451964417,1.717685157,50.02411881,0.350969041
01-03-2007,2893.361717,1589.614255,42.47576126,22.47198261,0.317189784,0.205095685,-0.856044994,232.7006959,-1.27078571,1899.864131,6867.582424,19.99907255,28.93215136,49.10846569,32.87371679,0.203027177,0.451964417,0.830935528,26.43639467,0.290463147
01-04-2007,2707.820129,1481.332668,45.8905653,24.80347077,0.182355142,0.212490054,-0.875638325,245.9995144,-1.885604827,1899.864131,6867.582424,16.26412671,28.93215136,49.10846569,15.94890097,0.203027177,0.451964417,3.80131033,16.10651384,0.27336995
01-05-2007,2651.592112,1415.394308,47.31615858,27.19676273,0.225944916,0.20425792,-0.747595405,254.8376764,-2.545418551,1899.864131,6867.582424,15.13225864,28.93215136,49.10846569,8.88322358,0.203027177,0.451964417,0.494398656,12.00774111,0.269244859
01-06-2007,2783.44441,1710.027049,43.59247396,26.82447765,7.269539522,0.331416516,0.5759288,224.660257,-0.786939753,1899.864131,6867.582424,17.7864409,28.93215136,49.10846569,27.33894627,0.203027177,0.451964417,51.57498271,22.56269359,0.261677496
01-07-2007,5388.254996,3674.72393,34.13011977,22.58407709,11.3602817,0.443184684,-0.036953603,162.3287442,0.418994319,1899.864131,6867.582424,70.22118926,28.93215136,49.10846569,74.23727484,0.203027177,0.451964417,96.47311397,72.22923205,0.523584955
01-08-2007,6324.254576,4515.324568,27.33068144,21.90533196,9.946429751,0.444565404,0.166732078,102.2596886,0.95470586,1899.864131,6867.582424,89.06282893,27.33068144,49.10846569,100,0.203027177,0.451964417,97.02775961,94.53141447,0.606043512
01-09-2007,6920.280291,4561.388842,29.89101551,22.26264408,8.297921343,0.451255765,0.37069096,125.4271362,0.761044627,1899.864131,6920.280291,100,27.33068144,49.10846569,88.24336745,0.203027177,0.451964417,99.71532917,94.12168373,0.694278586
01-10-2007,6062.400027,3650.177131,32.16671927,18.10195859,0.830518992,0.318608964,-0.633988578,166.6522968,0.228063745,1899.864131,6920.280291,82.9121683,27.33068144,49.10846569,77.79371044,0.203027177,0.451964417,46.43009077,80.35293937,0.611022195
01-11-2007,5396.353413,2960.769774,31.3603282,16.5013803,0.447812213,0.25343454,0.415362732,166.4913423,0.224970932,1899.864131,6920.280291,69.64540728,27.33068144,49.10846569,81.49652546,0.203027177,0.451964417,20.24902441,75.57096637,0.541723794
01-12-2007,4782.342516,2582.369927,30.02549127,15.8498937,0.120061488,0.208019956,0.072318284,158.7477078,0.324370347,1899.864131,6920.280291,57.41512841,27.33068144,49.10846569,87.62587689,0.203027177,0.451964417,2.005637663,72.52050265,0.475320562
01-01-2008,4336.379559,2372.217864,29.92364791,14.91458372,0.221136115,0.204972666,-0.740118693,161.2685481,0.292825885,1899.864131,6920.280291,48.53214057,27.33068144,49.10846569,88.09352484,0.203027177,0.451964417,0.781517767,68.31283271,0.427510901
01-02-2008,3679.119576,2015.891851,34.36622758,16.65867524,0.18275356,0.211980909,-1.152548376,188.6393893,-0.133445043,1899.864131,6920.280291,35.44039754,27.33068144,49.10846569,67.69393038,0.203027177,0.451964417,3.59678263,51.56716396,0.361391241
01-03-2008,3089.714579,1643.228462,40.75931759,22.0748367,1.193395189,0.239741644,1.570304918,220.1895412,-0.832453475,1899.864131,6920.280291,23.70023541,27.33068144,49.10846569,38.33791356,0.203027177,0.451964417,14.74848321,31.01907448,0.309209668
01-04-2008,2877.83129,1551.16261,46.54374048,25.41319819,0.206289186,0.221693896,-0.716203566,248.9222882,-2.064141783,1899.864131,6920.280291,19.47980263,27.33068144,49.10846569,11.77679592,0.203027177,0.451964417,7.49856425,15.62829927,0.288921005
01-05-2008,2504.066898,1395.873735,46.72135638,26.75443938,0.180670086,0.202631793,-1.027383054,252.2285542,-2.309317038,1899.864131,6920.280291,12.03491399,27.33068144,49.10846569,10.96121295,0.202631793,0.451964417,0,11.49806347,0.253873796
01-06-2008,2204.180301,1436.698692,46.77873258,27.25014202,5.356421326,0.355166641,-0.222958053,250.7094823,-1.859222242,1899.864131,6920.280291,6.061572576,27.33068144,49.10846569,10.69775088,0.202631793,0.451964417,61.17725215,8.379661729,0.209409904
01-07-2008,3348.088799,2240.021564,37.04146156,21.48881917,8.216160233,0.417061919,-1.065444597,192.1063857,-0.052220474,1899.864131,6920.280291,28.84670557,27.33068144,49.10846569,55.40969635,0.202631793,0.451964417,86.00163201,42.12820096,0.269691569
01-08-2008,6335.834172,4379.996265,31.6940505,21.69354958,9.434004973,0.436683016,-0.01850611,145.6299585,0.5818467,1899.864131,6920.280291,88.35861211,27.33068144,49.10846569,79.9641276,0.202631793,0.451964417,93.8710785,84.16136985,0.621920904
01-09-2008,6841.340005,4419.829379,30.55675417,22.13101091,7.188501671,0.430467195,-0.099132397,132.6218214,0.686766624,1899.864131,6920.280291,98.42761471,27.33068144,49.10846569,85.18640513,0.202631793,0.451964417,91.3780949,91.80700992,0.689358266
01-10-2008,5688.162357,3334.485313,34.11694444,19.07249794,0.78031259,0.312374995,-0.705376838,178.2213749,0.054849144,1899.864131,6920.280291,75.4578526,27.33068144,49.10846569,68.83859752,0.202631793,0.451964417,44.01477835,72.14822506,0.570472719
01-11-2008,5014.795609,2725.457713,32.57476086,17.77360891,0.431450782,0.237838331,0.367332233,171.1180239,0.158385833,1899.864131,6920.280291,62.04528428,27.33068144,49.10846569,75.92005064,0.202631793,0.451964417,14.12030943,68.98266746,0.498342587
01-12-2008,4603.584534,2472.015572,31.91966925,14.53932385,0.076613025,0.220211215,-0.646869978,177.0376921,0.062484899,1899.864131,6920.280291,53.85450761,27.33068144,49.10846569,78.92812345,0.202631793,0.451964417,7.050590465,66.39131553,0.454281775
01-01-2009,3971.21253,2183.069853,33.00183374,17.01935489,0.228520291,0.204466468,-0.665830985,177.1387909,0.063290593,1899.864131,6920.280291,41.25849995,27.33068144,49.10846569,73.95900228,0.202631793,0.451964417,0.73583422,57.60875112,0.391362027
01-02-2009,3061.684273,1710.820554,38.43167495,19.53052996,0.181295372,0.203060584,-1.170643196,210.5013371,-0.600315264,1899.864131,6920.280291,23.14190905,27.33068144,49.10846569,49.02606534,0.202631793,0.451964417,0.171975457,36.0839872,0.304053665
01-03-2009,2667.155813,1439.201499,44.56532106,22.30302224,0.396513031,0.207230277,-0.517102815,237.1455975,-1.44403219,1899.864131,6920.280291,15.28342785,27.33068144,49.10846569,20.86137218,0.202631793,0.451964417,1.844317078,18.07240002,0.268815714
01-04-2009,2424.129937,1354.012107,49.25640906,24.85999778,0.164502591,0.203441856,-1.004556045,253.920011,-2.460288857,1899.864131,6920.280291,10.44267625,27.33068144,49.25640906,0,0.202631793,0.451964417,0.324892367,5.221338123,0.245054476
01-05-2009,2317.135021,1254.754143,46.7529551,26.96600777,0.468306986,0.208402348,0.308123294,251.6490271,-2.240178687,1899.864131,6920.280291,8.311480097,27.33068144,49.25640906,11.41788316,0.202631793,0.451964417,2.314400375,9.864681629,0.235204433
01-06-2009,2189.327314,1236.434854,44.99709561,27.77490339,3.733252733,0.24805105,-1.070732737,232.7403347,-1.148676702,1899.864131,6920.280291,5.765720868,27.33068144,49.25640906,19.42609854,0.202631793,0.451964417,18.21633127,12.5959097,0.21026724
01-07-2009,4525.843618,3002.665446,32.09921225,22.13935128,11.00739472,0.44913799,-0.141933719,146.7235382,0.586751701,1899.864131,6920.280291,52.30601215,27.33068144,49.25640906,78.25143644,0.202631793,0.451964417,98.86640318,65.27872429,0.419492602
01-08-2009,6319.425084,4348.299163,31.66336965,21.47413447,8.359465938,0.414640474,-0.430049795,146.5846036,0.56085261,1899.864131,6920.280291,88.03176495,27.33068144,49.25640906,80.23925004,0.202631793,0.451964417,85.03046151,84.13550749,0.607990202
01-09-2009,6940.740796,4463.092804,31.91820926,23.31243871,4.067290379,0.37633213,-1.763502237,137.8915482,0.605876443,1899.864131,6940.740796,100,27.33068144,49.25640906,79.0769643,0.202631793,0.451964417,69.66610856,89.53848215,0.702440966
01-10-2009,6054.774676,3628.712776,34.34192118,19.04541663,2.014196879,0.34005309,0.543855348,180.1086905,0.044382586,1899.864131,6940.740796,82.42436428,27.33068144,49.25640906,68.02277281,0.202631793,0.451964417,55.11565041,75.22356854,0.609813046
01-11-2009,5538.276635,3055.450666,31.17481029,17.51140494,1.030300031,0.319282218,1.674311059,161.2301965,0.30396904,1899.864131,6940.740796,72.1781695,27.33068144,49.25640906,82.46749703,0.202631793,0.451964417,46.78506306,77.32283327,0.555248926
01-12-2009,5341.364689,2864.879125,29.55766576,16.16416489,0.168607898,0.244987146,0.690502713,154.0155445,0.384327394,1899.864131,6940.740796,68.27186591,27.33068144,49.25640906,89.84305399,0.202631793,0.451964417,16.98748925,79.05745995,0.5347034
01-01-2010,4789.103515,2472.785625,29.95264627,13.84496528,0.473264416,0.252291923,1.203684256,164.9051816,0.24727351,1899.864131,6940.740796,57.31620859,27.33068144,49.25640906,88.04160632,0.202631793,0.451964417,19.91722088,72.67890745,0.479739226
01-02-2010,3810.193206,1988.260061,35.54035768,19.08985544,0.484377926,0.220551758,1.437536284,189.3877647,-0.141650624,1899.864131,6940.740796,37.89676285,27.33068144,49.25640906,62.55688121,0.202631793,0.451964417,7.187172021,50.22682203,0.381122255
01-03-2010,2790.769148,1500.65642,44.16785845,22.91670913,0.633423842,0.208210975,0.276177475,237.6460119,-1.455136673,1899.864131,6940.740796,17.67361267,27.33068144,49.25640906,23.20812656,0.202631793,0.451964417,2.237645981,20.44086962,0.282561682
01-04-2010,2429.60876,1316.719792,48.94158756,26.37185179,0.21033885,0.202569299,-0.690539638,256.6903397,-2.762978537,1899.864131,6940.740796,10.50897818,27.33068144,49.25640906,1.4358543,0.202569299,0.451964417,0,5.972416238,0.247229284
01-05-2010,2310.333861,1257.784881,47.91444843,28.19214241,0.269991931,0.205755014,-0.511286456,256.7249031,-2.759682448,1899.864131,6940.740796,8.142824292,27.33068144,49.25640906,6.120483923,0.202569299,0.451964417,1.277376677,7.131654108,0.234462249
01-06-2010,3356.576763,1829.76941,43.14457849,28.42394804,4.407434367,0.307497488,-0.692826278,212.7849065,-0.552604979,2189.327314,6940.740796,24.56636228,27.33068144,49.25640906,27.87515506,0.202569299,0.451964417,42.07307247,26.22075867,0.342007418
01-07-2010,4082.943813,2937.514293,30.36047015,20.65820884,14.31303374,0.454792898,0.766423523,139.6234593,0.687906045,2189.327314,6940.740796,39.85375103,27.33068144,49.25640906,86.18158193,0.202569299,0.454792898,100,63.01766648,0.381314535
01-08-2010,6029.495348,4313.323688,28.35589516,21.50243721,15.50453484,0.45623934,1.860718327,115.7762941,0.896716612,2189.327314,6940.740796,80.82159232,27.33068144,49.25640906,95.32415191,0.202569299,0.45623934,100,88.07287211,0.573094739
01-09-2010,6850.051401,4360.172209,30.35852813,22.18288122,9.155910376,0.432152547,0.706167868,130.4221658,0.724715389,2189.327314,6940.740796,98.09131756,27.33068144,49.25640906,86.19043919,0.202569299,0.45623934,90.5046758,92.14087837,0.691454857
01-10-2010,6289.718746,3671.969884,31.00160347,20.90848363,1.993888714,0.368163418,0.52836098,143.8736247,0.521988662,2189.327314,6940.740796,86.29834989,27.33068144,49.25640906,83.25746769,0.202569299,0.45623934,65.27933631,84.77790879,0.637049681
01-11-2010,6319.909499,3547.06481,29.89522597,20.31110038,1.353846872,0.343591233,2.180357528,137.4693601,0.582670586,2189.327314,6940.740796,86.93375562,27.33068144,49.25640906,88.3034918,0.202569299,0.45623934,55.59266412,87.61862371,0.637007168
01-12-2010,5635.884253,3068.213855,27.75599377,14.43657542,0.144249669,0.2428169,0.397609177,146.9234436,0.4676423,2189.327314,6940.740796,72.53750809,27.33068144,49.25640906,98.06021339,0.202569299,0.45623934,15.8661232,85.29886074,0.565524306
01-01-2011,5041.253901,2751.342088,28.94036865,13.28251432,0.213933673,0.208823092,-0.814240321,159.3616412,0.317660623,2189.327314,6940.740796,60.02269847,27.33068144,49.25640906,92.65845476,0.202569299,0.45623934,2.465325613,76.34057662,0.503962715
01-02-2011,4268.516707,2369.150727,33.79561832,18.13364012,0.342764908,0.220251603,0.420705351,179.2614524,0.031061746,2189.327314,6940.740796,43.75938657,27.33068144,49.25640906,70.5143793,0.202569299,0.45623934,6.970592209,57.13688294,0.424701973
01-03-2011,3377.139496,1846.421039,42.34140531,20.79545914,0.322180166,0.207767938,-0.83307157,228.5097227,-1.120376805,2189.327314,6940.740796,24.99913313,27.33068144,49.25640906,31.53830913,0.202569299,0.45623934,2.049370535,28.26872113,0.336322046
01-04-2011,3011.010223,1682.883689,43.14283687,24.3653607,0.703555386,0.222979029,1.261606131,231.2182761,-1.202061103,2189.327314,6940.740796,17.29344148,27.33068144,49.25640906,27.88309834,0.202569299,0.45623934,8.045778591,22.58826991,0.30455447
01-05-2011,2790.480468,1541.596297,45.86498588,26.85858353,0.312058119,0.207264926,-0.309534909,244.3899124,-1.789339769,2189.327314,6940.740796,12.65209094,27.33068144,49.25640906,15.4677794,0.202569299,0.45623934,1.851076504,14.05993517,0.282014154
01-06-2011,3445.484948,2031.889665,41.3224682,26.64203133,4.529191861,0.31563204,-0.628904785,205.3481312,-0.379609881,2189.327314,6940.740796,26.43755673,27.33068144,49.25640906,36.18553053,0.202569299,0.45623934,44.57078999,31.31154363,0.35125995
01-07-2011,4144.802291,2869.960482,31.12915138,22.28065773,10.49016816,0.433225848,-0.299965285,137.0196632,0.67654756,2189.327314,6940.740796,41.15564735,27.33068144,49.25640906,82.67574055,0.202569299,0.45623934,90.9277846,61.91569395,0.35966323
01-08-2011,5731.293231,4355.65441,27.38586006,20.35055001,11.34749026,0.45329289,0.642822313,114.3896584,0.875674156,2189.327314,6940.740796,74.54552062,27.33068144,49.25640906,99.74833848,0.202569299,0.45623934,98.83847132,87.14692955,0.538461367
01-09-2011,7045.277968,4662.101863,30.65896963,22.05770799,6.933253457,0.428257906,-0.213996958,134.039919,0.67112621,2189.327314,7045.277968,100,27.33068144,49.25640906,84.82016993,0.202569299,0.45623934,88.96935778,92.41008497,0.711575905
01-10-2011,6084.590877,3584.663846,33.25673259,20.29435887,0.555242231,0.259210216,-1.073502243,166.1036928,0.231865252,2189.327314,7045.277968,80.21629215,27.33068144,49.25640906,72.97215741,0.202569299,0.45623934,22.32857972,76.59422478,0.610316841
01-11-2011,5242.821455,3014.971397,32.61591794,17.14958777,0.104932989,0.207287749,-1.101390784,173.7346366,0.11428787,2189.327314,7045.277968,62.88149034,27.33068144,49.25640906,75.89481823,0.202569299,0.45623934,1.860073879,69.38815428,0.524181285
01-12-2011,4590.491962,2571.904091,29.97622324,14.61948442,0.053249498,0.204275518,-1.16129509,162.6338628,0.272401822,2189.327314,7045.277968,49.44787993,27.33068144,49.25640906,87.93407522,0.202569299,0.45623934,0.672613494,68.69097757,0.453760689
01-01-2012,4316.681037,2303.577306,29.39355649,15.04940822,0.359795173,0.234605802,0.445499565,156.8812002,0.351163086,2189.327314,7045.277968,43.80921214,27.33068144,49.25640906,90.59153207,0.202569299,0.45623934,12.62920251,67.2003721,0.425691884
01-02-2012,3698.302687,1965.286467,35.45353673,17.55679726,0.225081943,0.207949893,-0.666005481,193.9910464,-0.234148843,2189.327314,7045.277968,31.07476746,27.33068144,49.25640906,62.9528587,0.202569299,0.45623934,2.121099324,47.01381308,0.365579743
01-03-2012,2797.911015,1549.151526,42.90403949,20.90486244,0.258828976,0.202507545,-1.145913155,230.0650394,-1.176754087,2189.327314,7045.277968,12.53274065,27.33068144,49.25640906,28.97221786,0.202507545,0.45623934,0,20.75247926,0.280368087
01-04-2012,2625.020644,1454.546554,47.11899562,25.61117243,0.254824565,0.205113636,-0.42908291,250.7117965,-2.185619546,2189.327314,7045.277968,8.972359107,27.33068144,49.25640906,9.748426523,0.202507545,0.45623934,1.027104438,9.360392815,0.264776922
01-05-2012,2448.168579,1346.188283,47.43098189,27.35099146,0.163592386,0.207439297,-1.146057019,255.4603518,-2.619380934,2189.327314,7045.277968,5.330393236,27.33068144,49.25640906,8.325503286,0.202507545,0.45623934,1.943686967,6.827948261,0.248207809
01-06-2012,3156.716978,1734.51569,42.46073673,27.0124128,5.320390198,0.284355506,-0.239717949,213.71883,-0.553112409,2189.327314,7045.277968,19.92173589,27.33068144,49.25640906,30.99405618,0.202507545,0.45623934,32.2576683,25.45789603,0.324936178
01-07-2012,2982.442872,2056.586314,35.43426301,23.87775255,14.74265986,0.435693114,0.873891488,166.9724842,0.403931142,2189.327314,7045.277968,16.33285868,27.33068144,49.25640906,63.04076331,0.202507545,0.45623934,91.90238422,39.686811,0.236236363
01-08-2012,5511.144602,4008.119906,28.73646285,19.70248081,9.444895781,0.448705509,-0.014500155,130.716542,0.724667192,2189.327314,7045.277968,68.40714671,27.38586006,49.25640906,93.82455927,0.202507545,0.45623934,97.03078949,81.11585299,0.512216335
01-09-2012,7055.989973,4547.326176,30.12484153,22.15703129,7.917787716,0.435737155,0.214699696,128.3746135,0.731926419,2189.327314,7055.989973,100,27.38586006,49.25640906,87.47639362,0.202507545,0.45623934,91.9197415,93.73819681,0.712395403
01-10-2012,6278.883675,3756.275448,31.77425428,19.57748432,1.083972723,0.327521231,-0.313781012,157.1487898,0.356891825,2189.327314,7055.989973,84.03204922,27.38586006,49.25640906,79.93468649,0.202507545,0.45623934,49.27001201,81.98336786,0.632477958
01-11-2012,5552.76381,3165.927978,30.64617271,16.99094637,0.555372155,0.289422266,0.705463307,159.1757285,0.324464133,2189.327314,7055.989973,69.11176573,27.38586006,49.25640906,85.09268037,0.202507545,0.45623934,34.25456437,77.10222305,0.554144984
01-12-2012,5192.730059,2822.610938,29.36306214,15.44703434,0.051125242,0.214012991,-1.215583618,155.231045,0.367915508,2189.327314,7055.989973,61.71380585,27.38586006,49.25640906,90.95952243,0.202507545,0.45623934,4.534491088,76.33666414,0.517904362
01-01-2013,4598.45714,2496.611228,29.11883911,15.58272023,0.486657329,0.211963647,1.285034867,152.890821,0.401833593,2189.327314,7055.989973,49.50270844,27.38586006,49.25640906,92.07619778,0.202507545,0.45623934,3.726809959,70.78945311,0.458081153
01-02-2013,4046.069672,2101.970111,34.14636317,18.21035226,0.376212481,0.240048867,0.682575099,181.7059575,-0.008687226,2189.327314,7055.989973,38.15227165,27.38586006,49.25640906,69.08855325,0.202507545,0.45623934,14.79567116,53.62041245,0.405707354
01-03-2013,3183.994934,1667.271316,41.90134106,22.39951787,0.382136445,0.210538536,-0.574779457,228.3059257,-1.111372442,2189.327314,7055.989973,20.4383926,27.38586006,49.25640906,33.63001085,0.202507545,0.45623934,3.165149613,27.03420172,0.319006532
01-04-2013,2787.303048,1527.22012,46.46653742,25.68144803,0.50189886,0.218397007,0.633268715,249.3644336,-2.073895243,2189.327314,7055.989973,12.28718273,27.38586006,49.25640906,12.75629452,0.202507545,0.45623934,6.262306218,12.52173863,0.282254934
01-05-2013,2570.062009,1437.007383,47.99725237,27.69491096,0.139459302,0.203273551,-1.330183532,257.5668321,-2.897656758,2189.327314,7055.989973,7.823322097,27.38586006,49.25640906,5.757316327,0.202507545,0.45623934,0.301895847,6.790319212,0.262510959
01-06-2013,3079.343666,1925.035404,42.78612679,26.96432984,12.02946881,0.40041921,2.09283396,216.8576164,-0.46897569,2189.327314,7055.989973,18.2880223,27.38586006,49.25640906,29.5844529,0.202507545,0.45623934,78.0003408,23.9362376,0.289477743
01-07-2013,2414.821889,1882.588025,30.46242145,22.68304186,14.53976631,0.458645925,0.823398519,128.0940617,0.791416061,2189.327314,7055.989973,4.633454,27.38586006,49.25640906,85.93285707,0.202507545,0.458645925,100,45.28315553,0.184000936
01-08-2013,5244.727352,3724.86703,30.54549038,21.87629881,9.074648805,0.456260547,-0.152461076,134.1188578,0.69036999,2189.327314,7055.989973,62.78224427,27.38586006,49.25640906,85.5530361,0.202507545,0.458645925,99.06871524,74.16764019,0.448740514
01-09-2013,7016.923524,4460.694313,30.38781861,22.29409778,5.411950479,0.419862303,-0.965889765,129.9739197,0.694818414,2189.327314,7055.989973,99.19726409,27.38586006,49.25640906,86.27396802,0.202507545,0.458645925,84.8583324,92.73561606,0.700487954
01-10-2013,6836.598925,4020.987086,30.75008288,21.23685856,3.981738592,0.415534998,1.72577437,139.8020642,0.585688568,2189.327314,7055.989973,95.49196106,27.38586006,49.25640906,84.61756573,0.202507545,0.458645925,83.16889203,90.0547634,0.691044094
01-11-2013,5971.920809,3343.202375,30.23862733,17.64372063,0.100101573,0.273115405,-1.141029478,153.3212978,0.391952467,2189.327314,7055.989973,77.72458788,27.38586006,49.25640906,86.95612409,0.202507545,0.458645925,27.56629421,82.34035599,0.604020688
01-12-2013,5263.469689,2834.76867,28.90746077,14.74620154,0.055163217,0.222682605,-1.113704052,154.3407586,0.378952038,2189.327314,7055.989973,63.16736109,27.38586006,49.25640906,93.04269542,0.202507545,0.458645925,7.876624971,78.10502825,0.526301478
01-01-2014,4901.541816,2648.330138,28.62724445,16.65216362,0.252763611,0.210926168,-0.432921194,144.8396761,0.492288175,2189.327314,7055.989973,55.73048086,27.38586006,49.25640906,94.323945,0.202507545,0.458645925,3.286748073,75.02721293,0.490066771
01-02-2014,4336.107003,2346.821028,32.07605218,16.57697356,0.552201187,0.220608756,1.856613396,171.6519736,0.15228589,2189.327314,7055.989973,44.11194774,27.38586006,49.25640906,78.55475818,0.202507545,0.458645925,7.06696561,61.33335296,0.431844042
01-03-2014,4006.018794,2082.141139,38.93055258,22.0385314,1.10517324,0.301982085,1.397322305,205.3947198,-0.456665841,2189.327314,7055.989973,37.32930773,27.38586006,49.25640906,47.21352206,0.202507545,0.458645925,38.83624951,42.27141489,0.402643523
01-04-2014,3354.148557,1841.25988,45.16051867,24.92702546,0.338596275,0.208500037,-0.012039271,244.5958917,-1.798954536,2189.327314,7055.989973,23.93470279,27.38586006,48.94158756,17.54090131,0.202507545,0.458645925,2.339552553,20.73780205,0.339432975
01-05-2014,3012.887901,1711.735862,45.60748026,26.200056,0.280952442,0.205913277,-0.456732855,244.8663225,-1.816713642,2189.327314,7055.989973,16.92249177,27.38586006,48.94158756,15.46738472,0.202507545,0.458645925,1.329645231,16.19493824,0.308838863
01-06-2014,3135.982046,1762.363462,41.5644241,26.53680564,2.232741257,0.238583369,-2.129006481,208.0364052,-0.491521387,2310.333861,7055.989973,17.39797755,27.38586006,48.94158756,34.2236812,0.202507545,0.458645925,14.08450533,25.81082938,0.324370891
01-07-2014,3647.116139,2283.19995,38.67724459,19.29919247,11.27815049,0.383559996,-0.061189586,213.1728637,-0.40308465,2310.333861,7055.989973,28.16854501,27.38586006,48.94158756,47.61770608,0.202507545,0.458645925,70.68540469,37.89312555,0.317085753
01-08-2014,5674.355891,3961.733954,34.13199656,21.91805819,7.098586652,0.430171453,-0.961465981,165.7566439,0.32397903,2310.333861,7055.989973,70.88634218,27.38586006,48.94158756,68.70374011,0.202507545,0.458645925,88.8831683,69.79504115,0.537277926
01-09-2014,7007.466566,4587.346872,31.86535466,22.78548326,6.066468867,0.410419544,-0.6267701,140.7347823,0.597386209,2310.333861,7055.989973,98.97751954,27.38586006,48.94158756,79.21900525,0.202507545,0.458645925,81.17174748,89.09826239,0.706652796
01-10-2014,6464.658496,3844.005616,32.67816511,20.61600997,0.675506217,0.286815421,-0.865686916,159.770323,0.318344737,2310.333861,7055.989973,87.53952114,27.38586006,48.94158756,75.44826518,0.202507545,0.458645925,32.91497183,81.49389316,0.653779819
01-11-2014,5630.968532,3141.329229,32.01208913,17.06211429,0.400112315,0.261358604,0.27184246,169.4266426,0.182600429,2310.333861,7055.989973,69.972088,27.38586006,48.94158756,78.53828374,0.202507545,0.458645925,22.97627527,74.25518587,0.568881221
01-12-2014,5013.586326,2666.352945,28.643346,13.12981458,0.121589485,0.220190348,0.094100383,157.708836,0.337680729,2310.333861,7055.989973,56.96267074,27.38586006,48.94158756,94.16634888,0.202507545,0.458645925,6.903613025,75.56450981,0.499192807
01-01-2015,4907.290357,2525.882651,28.39935699,13.74243526,0.496117921,0.255056767,1.34163532,154.0232514,0.388230673,2310.333861,7055.989973,54.7228125,27.38586006,48.94158756,95.29824761,0.202507545,0.458645925,20.51595005,75.01053005,0.493027288
01-02-2015,4216.778102,2223.058588,34.13477443,17.74604652,0.3502602,0.209474415,0.480803801,183.2718765,-0.035588183,2310.333861,7055.989973,40.17240601,27.38586006,48.94158756,68.69085317,0.202507545,0.458645925,2.719963275,54.43162959,0.423073506
01-03-2015,3951.826932,2076.436886,39.46514984,21.4483896,0.97567382,0.275755032,1.126748172,212.0005299,-0.617983367,2310.333861,7055.989973,34.58938095,27.38586006,48.94158756,43.96250473,0.202507545,0.458645925,28.59684159,39.27594284,0.396654063
01-04-2015,3456.816323,1836.835732,41.43106047,24.40537935,0.544886131,0.267070164,0.779289635,216.5990761,-0.749987369,2310.333861,7055.989973,24.15856596,27.38586006,47.99725237,31.8571002,0.202507545,0.458645925,25.20614791,28.00783308,0.348685002
01-05-2015,2992.202213,1581.960472,45.30271783,26.91858236,0.33188761,0.225754057,-0.220904747,239.2415043,-1.537587695,2414.821889,7055.989973,12.44040969,27.38586006,47.99725237,13.07303504,0.202507545,0.458645925,9.075762877,12.75672237,0.306926454
01-06-2015,3896.310543,2212.403703,41.14925217,25.57794726,9.41103352,0.356224942,1.319496934,208.9603788,-0.352362871,2414.821889,7055.989973,31.92059902,27.38586006,47.99725237,33.22434555,0.202507545,0.458645925,60.01341812,32.57247228,0.405255365
01-07-2015,4933.971511,3211.468517,35.80657625,22.99433154,4.836010168,0.369304436,-2.540891388,174.8634881,0.168055525,2414.821889,7055.989973,54.27835357,27.38586006,47.99725237,59.1453306,0.202507545,0.458645925,65.11983525,56.71184208,0.472947175
01-08-2015,6918.107495,4885.094,30.78451349,22.22655794,10.36356488,0.426780303,0.312884857,134.1477384,0.701953019,2414.821889,7055.989973,97.02914275,27.38586006,47.99725237,83.51080131,0.202507545,0.458645925,87.55921622,90.26997203,0.69116576
01-09-2015,6952.463812,4594.211395,31.81324159,22.00025947,6.424920975,0.408227001,-0.451523635,144.9485777,0.557729479,2414.821889,7055.989973,97.76939427,27.38586006,47.99725237,78.51973576,0.202507545,0.458645925,80.31574782,88.14456501,0.701529959
01-10-2015,6205.228375,3745.999525,33.45513725,21.85351004,0.477437127,0.269304488,-1.226202933,160.2415004,0.309659338,2414.821889,7055.989973,81.66923536,27.38586006,47.99725237,70.55377387,0.202507545,0.458645925,26.07845924,76.11150462,0.624138387
01-11-2015,5569.129139,3135.06546,32.3547536,19.01391087,0.300015957,0.213244687,-0.071794477,164.3859846,0.252008638,2414.821889,7055.989973,67.96365038,27.38586006,47.99725237,75.89248963,0.202507545,0.458645925,4.191930118,71.92807,0.555507069
01-12-2015,4723.495494,2613.373244,30.50785002,15.78485329,0.050700441,0.210412367,-1.226634175,162.6124037,0.272655838,2414.821889,7055.989973,49.74337415,27.38586006,47.99725237,84.85308558,0.202507545,0.458645925,3.086153022,67.29822986,0.467101222
01-01-2016,4213.065717,2334.790601,31.20906817,14.70685499,0.218950071,0.205596313,-0.76243769,171.3657011,0.151590501,2414.821889,7055.989973,38.74550103,27.38586006,47.99725237,81.45099538,0.202507545,0.458645925,1.205898243,60.09824821,0.414685149
01-02-2016,3565.350339,1957.674041,35.84930148,19.44817636,0.449283355,0.206075824,1.205778445,190.5017668,-0.162977084,2414.821889,7055.989973,24.78963118,27.38586006,47.99725237,58.93804122,0.202507545,0.458645925,1.393106004,41.8638362,0.352546578
01-03-2016,3135.204704,1654.895668,42.54054987,22.95117056,0.512444385,0.235783157,-0.097628339,231.5454651,-1.220828627,2414.821889,7055.989973,15.52158426,27.38586006,47.99725237,26.47420621,0.202507545,0.458645925,12.99126336,20.99789523,0.315127903
01-04-2016,2765.350746,1531.881722,48.24231605,26.72446331,0.202110477,0.206998411,-0.743060234,255.8880539,-2.664155322,2414.821889,7055.989973,7.552599918,27.38586006,48.24231605,0,0.202507545,0.458645925,1.753296721,3.776299959,0.280627101
01-05-2016,2516.428918,1380.31207,46.57914756,28.41736489,0.408787148,0.216708792,0.092143645,243.910796,-1.758939061,2414.821889,7055.989973,2.189255536,27.38586006,48.24231605,7.974358131,0.202507545,0.458645925,5.54436501,5.081806834,0.25586155
01-06-2016,2569.387133,1473.437819,42.48099875,27.12067682,7.170831754,0.309698475,0.538383118,213.3699081,-0.500753169,2414.821889,7055.989973,3.330309107,27.38586006,48.24231605,27.62366389,0.202507545,0.458645925,41.84883566,15.4769865,0.247269081
01-07-2016,3746.135545,2441.675848,32.92940039,19.2309551,14.02929128,0.457327246,0.694281999,168.090964,0.381699107,2414.821889,7055.989973,28.68488345,27.38586006,48.24231605,73.42050665,0.202507545,0.458645925,99.48516943,51.05269505,0.335125704
01-08-2016,6253.071344,4726.292631,30.74941745,22.68029664,6.325098506,0.43241727,-1.320254709,130.8755265,0.694924642,2414.821889,7055.989973,82.70007433,28.39935699,48.24231605,88.15670361,0.202507545,0.458645925,89.75996687,85.42838897,0.61393935
01-09-2016,6583.337075,4432.734018,28.90897765,21.81510701,8.018866058,0.438553578,0.25665486,118.9827407,0.812859313,2414.821889,7055.989973,89.81607885,28.39935699,48.24231605,97.43173052,0.202507545,0.458645925,92.15566701,93.62390469,0.624189104
01-10-2016,6650.968576,4130.227013,30.56187369,19.28018474,2.039103086,0.365772174,0.562718638,148.514589,0.471089126,2414.821889,7055.989973,91.27328747,28.39935699,48.24231605,89.10184366,0.202507545,0.458645925,63.74079078,90.18756557,0.672607145
01-11-2016,5777.744922,3290.474192,30.54906968,14.83987468,0.084336133,0.225136,-1.28129861,166.1166093,0.225128122,2414.821889,7055.989973,72.45854863,28.39935699,48.24231605,89.16637038,0.202507545,0.458645925,8.834464713,80.8124595,0.579087456
01-12-2016,5305.768783,2980.018691,28.93443446,13.7192806,0.095985995,0.207475166,-0.298718226,157.9623162,0.334124903,2414.821889,7055.989973,62.28920914,28.39935699,48.24231605,97.30343913,0.202507545,0.458645925,1.939428619,79.79632413,0.52893053
01-01-2017,4716.996962,2734.42516,29.21362445,14.9387302,0.21173335,0.205063828,-0.837226712,155.93382,0.361173728,2414.821889,7055.989973,49.60335482,28.39935699,48.24231605,95.89644139,0.202507545,0.458645925,0.998008488,72.74989811,0.470570225
01-02-2017,4059.349989,2283.15757,35.97451096,18.33165956,0.186713834,0.203624543,-1.103906939,195.4268545,-0.263398093,2414.821889,7055.989973,35.43349585,28.39935699,48.24231605,61.82447413,0.202507545,0.458645925,0.436091769,48.62898499,0.400585159
01-03-2017,3271.753347,1826.653242,41.84211312,21.89331746,0.258076665,0.216024524,-1.149940962,229.6005234,-1.160400681,2414.821889,7055.989973,18.46370229,28.39935699,48.24231605,32.25427674,0.203273551,0.458645925,4.993090124,25.35898951,0.324151977
01-04-2017,2764.545796,1586.379952,48.18973986,24.70779679,0.082498578,0.202114845,-1.781143388,251.0991427,-2.227574091,2414.821889,7055.989973,7.535256232,28.39935699,48.24231605,0.264961467,0.202114845,0.458645925,0,3.900108849,0.277683894
01-05-2017,2749.128324,1524.481452,46.71658923,27.42965419,0.421620853,0.208676583,0.140408789,249.4202019,-2.083022583,2414.821889,7055.989973,7.203066742,28.39935699,48.24231605,7.689008544,0.202114845,0.458645925,2.557872454,7.446037643,0.278837689
01-06-2017,3953.607688,2304.436235,40.75007012,26.07426105,7.35850412,0.368388281,0.609482286,203.0553878,-0.272579685,2414.821889,7055.989973,33.1551405,28.39935699,48.24231605,37.75770491,0.202114845,0.458645925,64.81609791,35.45642271,0.403475862
01-07-2017,4144.439408,3088.542014,34.52186519,23.65229148,7.560493822,0.425784871,-1.312815933,159.9925563,0.401497577,2414.821889,7055.989973,37.266858,28.39935699,48.24231605,69.14518555,0.202114845,0.458645925,87.19022512,53.20602177,0.375668737
01-08-2017,6328.547378,4713.058743,30.00003351,22.24549002,8.021490041,0.420771369,-0.566830253,126.5925382,0.74853061,2414.821889,7055.989973,84.3263036,28.39935699,48.24231605,91.93327713,0.202114845,0.458645925,85.23588,88.12979036,0.610290935
01-09-2017,7307.194418,4991.526217,31.28129115,21.38826624,7.306928798,0.425812533,-0.046766777,143.6765378,0.580065931,2414.821889,7307.194418,100,28.39935699,48.24231605,85.47628837,0.202114845,0.458645925,87.20100821,92.73814419,0.738168049
01-10-2017,6834.360098,4215.351731,31.43677149,20.75225688,2.278799344,0.393882957,0.737008606,148.5005271,0.473960977,2414.821889,7307.194418,90.33527564,28.39935699,48.24231605,84.69273413,0.202114845,0.458645925,74.75433859,87.51400488,0.689410822
01-11-2017,6074.73564,3542.888341,30.92770701,17.54661306,0.310497553,0.248329524,-0.032455821,159.1547218,0.321580694,2414.821889,7307.194418,74.80856639,28.39935699,48.24231605,87.25820071,0.202114845,0.458645925,18.01523584,81.03338355,0.6111338
01-12-2017,5244.019305,2897.621414,29.62718339,14.39298422,0.081416841,0.210453831,-0.555319812,160.8211843,0.296882758,2414.821889,7307.194418,57.82874053,28.39935699,48.24231605,93.81228179,0.202114845,0.458645925,3.250672872,75.82051116,0.521312542
01-01-2018,4494.035392,2516.124472,30.69988482,14.06340341,0.208899055,0.204532209,-0.867080398,169.6284884,0.17690884,2414.821889,7307.194418,42.49908384,28.39935699,48.24231605,88.40632681,0.202114845,0.458645925,0.942327917,65.45270532,0.445169524
01-02-2018,3757.001058,2076.050511,35.18386401,18.34415622,0.519393392,0.244044116,1.658263735,189.274405,-0.138920099,2414.821889,7307.194418,27.43411629,28.39935699,48.24231605,65.80899553,0.202114845,0.458645925,16.344714,46.62155591,0.376468986
01-03-2018,3030.081364,1615.635077,42.65132082,21.86714611,0.314652337,0.208472643,-0.867823986,231.7072073,-1.233977085,2414.821889,7307.194418,12.57589179,28.39935699,48.24231605,28.17621716,0.202114845,0.458645925,2.478373303,20.37605448,0.305480713
01-04-2018,2629.251143,1397.646636,46.01832448,25.20826306,0.391746663,0.214815722,0.217160744,247.2320144,-1.945748133,2414.821889,7307.194418,4.382929816,28.39935699,48.24231605,11.20796333,0.202114845,0.458645925,4.951009304,7.795446575,0.266054105
01-05-2018,2465.871689,1317.81816,45.68619805,27.48770076,0.607663922,0.205757278,0.750853048,240.1335348,-1.565384959,2414.821889,7307.194418,1.043456932,28.39935699,48.24231605,12.88173799,0.202114845,0.458645925,1.419879764,6.962597462,0.251142559
01-06-2018,3622.492899,2096.643101,39.61108976,24.85411574,8.237916073,0.357085246,0.927701281,198.9262529,-0.17491674,2414.821889,7307.194418,24.68477212,28.39935699,48.24231605,43.49767726,0.202114845,0.458645925,60.40999032,34.09122469,0.363013829
01-07-2018,2879.248285,2185.840299,30.70312368,22.72365309,12.12086705,0.449717765,0.182115548,130.1421698,0.753320299,2465.871689,7307.194418,8.538505255,28.39935699,48.24231605,88.39000433,0.202114845,0.457327246,97.01837333,48.46425479,0.239036051
01-08-2018,5068.981376,3667.287695,27.89645405,19.19146107,10.70738419,0.438249589,0.43044203,126.251518,0.774624776,2465.871689,7307.194418,53.76856353,27.89645405,48.24231605,100,0.202114845,0.457327246,92.52479231,76.88428177,0.436543926
01-09-2018,6805.487593,4362.47903,32.08705221,22.24968616,2.939728041,0.396522045,-2.591691288,145.97783,0.50937755,2465.871689,7307.194418,89.63698862,27.89645405,48.24231605,79.40319187,0.202114845,0.457327246,76.1746681,84.52009024,0.686215405
01-10-2018,5916.190117,3477.537168,33.95621049,20.48934844,0.438606215,0.257406673,-1.309395486,171.0038381,0.160171603,2465.871689,7307.194418,71.26809388,27.89645405,48.24231605,70.21627077,0.202114845,0.457327246,21.66502414,70.74218232,0.59508512
01-11-2018,5197.751,2958.873751,32.73943618,17.95524251,0.162749617,0.211191859,-0.707975592,171.7090524,0.14566082,2465.871689,7307.194418,56.42836604,27.89645405,48.24231605,76.19672182,0.202114845,0.457327246,3.55665106,66.31254393,0.518917769
01-12-2018,4853.963989,2586.63699,28.53994085,14.26740967,0.231959821,0.231225126,1.341650143,153.2913444,0.393916118,2465.871689,7307.194418,49.32726929,27.89645405,48.24231605,96.83725958,0.202114845,0.457327246,11.40629562,73.08226444,0.482262063
01-01-2019,4426.120471,2417.77269,29.42425961,13.83012158,0.348970622,0.225900295,0.365358017,161.1450127,0.296141693,2465.871689,7307.194418,40.48994235,27.89645405,48.24231605,92.49082903,0.202114845,0.457327246,9.319864525,66.49038569,0.439738328
01-02-2019,3719.614804,2031.967402,34.6784614,18.34987079,0.213398424,0.220193824,-0.793506124,185.3349312,-0.073658732,2465.871689,7307.194418,25.89670601,27.89645405,48.24231605,66.66640444,0.202114845,0.457327246,7.083895251,46.28155522,0.370099541
01-03-2019,2962.48974,1628.882846,42.82471405,23.06537641,0.274408128,0.209858871,-1.064324732,233.4641412,-1.301373025,2465.871689,7307.194418,10.25790013,27.89645405,48.24231605,26.62753735,0.202114845,0.457327246,3.034345783,18.44271874,0.297456045
01-04-2019,2646.742758,1461.497361,48.10449414,26.09805681,0.322639334,0.209474981,-0.085551377,254.1193769,-2.464224205,2465.871689,7307.194418,3.735984536,27.89645405,48.24231605,0.677395303,0.202114845,0.457327246,2.883925955,2.20668992,0.269408415
01-05-2019,2456.205101,1366.924294,49.1951006,28.38754885,0.149422322,0.20215337,-1.25155057,261.9420415,-7.505308051,2456.205101,7307.194418,0,27.89645405,49.1951006,0,0.202114845,0.457327246,0.015095303,0,0.252484438
01-06-2019,2290.114932,1316.711147,45.13556629,28.30075041,4.46898033,0.262899569,-0.660366114,231.5185064,-1.081875225,2290.114932,7307.194418,0,27.89645405,49.1951006,19.06005763,0.202114845,0.457327246,23.81730833,9.530028815,0.219978619
01-07-2019,4476.804878,2859.900004,37.59213441,24.90924224,8.643343931,0.42970259,-0.911503586,180.7984096,0.136572923,2290.114932,7307.194418,43.58491731,27.89645405,49.1951006,54.4774813,0.202114845,0.457327246,89.1758175,49.03119931,0.396433896
01-08-2019,4561.532945,3530.661525,28.09962694,21.045325,11.17743833,0.452096192,0.587188365,116.4799603,0.858159454,2290.114932,7307.194418,45.27370992,27.89645405,49.1951006,99.04607604,0.202114845,0.457327246,97.95031322,72.15989298,0.408930608
01-09-2019,6799.455282,4656.153931,29.22026318,22.55496271,12.41313087,0.458760637,1.819446329,116.7370009,0.865781577,2290.114932,7307.194418,89.87978688,27.89645405,49.1951006,93.78453868,0.202114845,0.458760637,100,91.83216278,0.655650784
01-10-2019,7235.542956,4838.573117,30.57561322,21.47984461,2.267906003,0.411256425,0.729353727,136.8072202,0.598688167,2290.114932,7307.194418,98.57184918,27.89645405,49.1951006,87.42098862,0.202114845,0.458760637,81.49036003,92.9964189,0.726871362
01-11-2019,6756.776249,3993.461243,29.6958457,19.22390656,0.355432348,0.340740706,0.126625411,141.5409559,0.529477981,2290.114932,7307.194418,89.02911205,27.89645405,49.1951006,91.55161504,0.202114845,0.458760637,54.01446886,90.29036355,0.682337506
01-12-2019,5939.921544,3322.592303,27.18515015,15.69548821,0.230408695,0.252864331,1.327170457,137.6659406,0.569070439,2290.114932,7307.194418,72.7476338,27.18515015,49.1951006,100,0.202114845,0.458760637,19.77413543,86.3738169,0.597532979
01-01-2020,5677.04727,2990.152845,27.34830654,15.75777628,0.28167157,0.311084865,-0.174271375,138.6661012,0.559187201,2290.114932,7307.194418,67.50804622,27.18515015,49.1951006,99.25871533,0.202114845,0.458760637,42.45930527,83.38338078,0.573541514
01-02-2020,4986.741629,2696.466099,32.17293123,17.55328382,0.267774827,0.240391784,-0.23526146,168.8345345,0.189225461,2290.114932,7307.194418,53.74893312,27.18515015,49.1951006,77.33851747,0.202114845,0.458760637,14.91430639,65.5437253,0.5016546
01-03-2020,4037.271178,2151.778619,37.56214763,21.86735576,0.978880105,0.241808162,1.133715604,194.8258565,-0.235741133,2290.114932,7307.194418,34.82416914,27.18515015,49.1951006,52.85315384,0.202114845,0.458760637,15.4661866,43.83866149,0.404220728
01-04-2020,3378.287488,1821.604293,45.07498721,25.53751621,0.331055431,0.210221089,-0.046480043,242.9518288,-1.713686816,2290.114932,7307.194418,21.68936249,27.18515015,49.1951006,18.71932154,0.202114845,0.458760637,3.158533946,20.20434202,0.341140563
01-05-2020,3086.213252,1750.578338,45.80887307,27.4468136,0.512956241,0.210482906,0.458422491,241.3916096,-1.628325358,2290.114932,7307.194418,15.86776375,27.18515015,49.1951006,15.38498479,0.202114845,0.458760637,3.260548827,15.62637427,0.322586045
01-06-2020,4445.781657,2542.305815,40.63046217,25.20511736,8.313541926,0.385884225,0.954010952,206.1665053,-0.316706214,2290.114932,7307.194418,42.96656514,27.18515015,49.1951006,38.91257481,0.202114845,0.458760637,71.60428343,40.93956997,0.46889445
01-07-2020,5838.024833,4197.820843,32.23075603,23.39037616,9.174750815,0.448594114,-0.727107431,140.3593266,0.631999884,2290.114932,7307.194418,70.71663725,27.18515015,49.1951006,77.07579629,0.202114845,0.458760637,96.03869499,73.89621677,0.563095213
01-08-2020,6413.807003,4923.619972,28.52535675,22.96121325,14.13956583,0.45522489,1.487142992,106.3067157,0.955737929,2290.114932,7307.194418,82.19307831,27.18515015,49.1951006,93.91090589,0.202114845,0.458760637,98.62232427,88.0519921,0.61417614
01-09-2020,7336.885951,5123.217809,30.06745693,22.64748236,6.419315471,0.440596684,-0.45421248,124.4932307,0.752862891,2290.114932,7336.885951,100,27.18515015,49.1951006,86.90452855,0.202114845,0.458760637,92.92255977,93.45226428,0.7382557
01-10-2020,6829.667489,4165.575997,31.00933674,20.05993725,2.887465729,0.39833592,1.131905321,148.4125624,0.48180735,2290.114932,7336.885951,89.94964384,27.18515015,49.1951006,82.6251922,0.202114845,0.458760637,76.4559876,86.28741802,0.690429679
01-11-2020,6061.760056,3370.590325,30.39168658,18.04452617,0.153809072,0.248203985,-0.761261777,152.8130244,0.398758076,2290.114932,7336.885951,74.73382703,27.18515015,49.1951006,85.43142371,0.202114845,0.458760637,17.95826844,80.08262537,0.610907462
01-12-2020,5613.838977,3036.700307,29.21785768,15.2251679,0.068828213,0.215534571,-0.80414545,154.9474571,0.371645296,2290.114932,7336.885951,65.85842774,27.18515015,49.1951006,90.76459746,0.202114845,0.458760637,5.228890044,78.3115126,0.563018102
01-01-2021,4924.599037,2810.507953,29.9689189,16.81962806,0.25216858,0.211509878,-0.438451071,154.6067188,0.378104798,2290.114932,7336.885951,52.20137975,27.18515015,49.1951006,87.35222622,0.202114845,0.458760637,3.660700451,69.77680299,0.493578984
01-02-2021,4062.297213,2219.55232,35.38304701,17.04514376,0.220803645,0.212318131,-0.712155137,195.0774045,-0.255731986,2290.114932,7336.885951,35.11517115,27.18515015,49.1951006,62.75367872,0.202114845,0.458760637,3.975629593,48.93442493,0.407121013
01-03-2021,3250.744124,1709.847228,41.13274933,21.92451269,0.442346531,0.209795298,-0.342349113,223.7603648,-0.961608105,2290.114932,7336.885951,19.03453096,27.18515015,49.1951006,36.63048353,0.202114845,0.458760637,2.992627712,27.83250724,0.327320343
01-04-2021,3049.760843,1648.453294,44.57867592,23.90465983,0.251621607,0.208348379,-0.446793653,240.8832236,-1.616624745,2290.114932,7336.885951,15.05211764,27.18515015,49.1951006,20.97426202,0.202114845,0.458760637,2.428847266,18.01318983,0.309904494
01-05-2021,3115.40925,1729.764475,44.12376205,26.10128052,0.857523753,0.220095354,1.402260924,232.4909759,-1.242847543,2290.114932,7336.885951,16.35291783,27.18515015,49.1951006,23.04111754,0.202114845,0.458760637,7.005963047,19.69701769,0.319098347
01-06-2021,4395.764412,2606.304755,38.55821968,24.58517904,8.203729863,0.364816405,0.915756577,191.0134227,-0.033679293,2290.114932,7336.885951,41.72270689,27.18515015,49.1951006,48.32760051,0.202114845,0.458760637,63.39537424,45.0251537,0.444429636
01-07-2021,4718.803328,3413.138539,37.07070752,23.49328801,9.67864352,0.428772202,-0.558863873,183.3713457,0.113327169,2290.114932,7336.885951,48.12360987,27.18515015,49.1951006,55.08596263,0.202114845,0.458760637,88.31524378,51.60478625,0.442193524
01-08-2021,6115.134578,4444.572286,29.21298993,22.93351845,6.826806211,0.418466373,-1.084322553,113.7893835,0.845092123,2290.114932,7336.885951,75.79142448,27.18515015,49.1951006,90.78671358,0.202114845,0.458760637,84.29965934,83.28906903,0.583977424
01-09-2021,6482.683649,4327.16188,29.22666936,23.94345011,11.20086934,0.454516595,1.430125819,105.5908961,0.939912488,2290.114932,7336.885951,83.07428059,27.18515015,49.1951006,90.72456248,0.202114845,0.458760637,98.3463426,86.89942153,0.626913438
01-10-2021,7008.478281,4282.031671,30.85874443,19.92663249,2.151515846,0.396995405,0.646031661,147.8095932,0.480313785,2290.114932,7336.885951,93.49271705,27.18515015,49.1951006,83.30939322,0.202114845,0.458760637,75.93366666,88.40105514,0.707032233
01-11-2021,6193.895947,3534.256145,29.70566774,19.49964547,0.341322557,0.278257945,0.078222089,140.2044094,0.54360486,2290.114932,7336.885951,77.35205343,27.18515015,49.1951006,88.54828142,0.202114845,0.458760637,29.66855589,82.95016742,0.625288594
01-12-2021,5570.802514,2952.550598,27.66721034,15.86722381,0.299424648,0.233289409,1.920199492,140.6748988,0.538152902,2290.114932,7336.885951,65.00567531,27.18515015,49.1951006,97.80980793,0.202114845,0.458760637,12.14692194,81.40774162,0.558226045
01-01-2022,5278.080668,2757.260702,26.88753951,14.92012721,0.489169699,0.276232032,1.300134276,138.5780538,0.562275125,2290.114932,7336.885951,59.20549445,26.88753951,49.1951006,100,0.202114845,0.458760637,28.87917504,79.60274722,0.533240211
01-02-2022,4577.749103,2503.905908,32.62184605,17.36434715,0.352315218,0.212838361,0.497132798,173.0038379,0.129113467,2290.114932,7336.885951,45.32866981,26.88753951,49.1951006,74.29433671,0.202114845,0.458760637,4.178333169,59.81150326,0.460896711
01-03-2022,3376.470729,1862.329048,41.74314364,22.59533177,0.259492458,0.203469438,-1.142367882,226.3094295,-1.048787144,2290.114932,7336.885951,21.5257596,26.88753951,49.1951006,33.40552082,0.202114845,0.458760637,0.527806663,27.46564021,0.338761727
01-04-2022,2984.741209,1696.313704,44.52620854,26.30102108,0.170861628,0.203610537,-0.957537881,235.125165,-1.3704628,2290.114932,7336.885951,13.76377636,26.88753951,49.1951006,20.92963926,0.20215337,0.458760637,0.567859096,17.34670781,0.302722215
01-05-2022,2748.017148,1506.47197,42.41896848,27.15672354,0.327781862,0.205103434,-0.238951698,212.6350932,-0.65063741,2290.114932,7336.885951,9.073172021,26.88753951,49.1951006,30.37594335,0.20215337,0.458760637,1.149641898,19.72455769,0.282201635
01-06-2022,2682.512138,1560.083598,41.97356293,27.89271346,7.018986165,0.32183127,0.479955086,204.8039813,-0.315295052,2290.114932,7336.885951,7.775213189,26.88753951,49.1951006,32.37260068,0.20215337,0.458760637,46.63854665,20.07390693,0.247356701
01-07-2022,3088.662202,2104.550571,30.39351513,22.92607529,18.31479645,0.458940072,1.697131461,125.7458537,0.841372532,2290.114932,7336.885951,15.82293444,26.88753951,49.1951006,84.28346513,0.20215337,0.458940072,100,50.05319979,0.234293414
01-08-2022,6562.482216,4470.05135,30.17226604,23.44855787,12.66828259,0.438781626,1.057349468,119.7239429,0.844354197,2290.114932,7336.885951,84.65546125,26.88753951,49.1951006,85.2752772,0.20215337,0.458940072,92.14973158,84.96536923,0.645065225
01-09-2022,6836.742311,4594.570926,29.80664983,22.47230217,8.992626414,0.443794773,0.643970814,123.1617835,0.786257622,2290.114932,7336.885951,90.08982897,26.88753951,49.1951006,86.91425607,0.20215337,0.458940072,94.10199251,88.50204252,0.677605357
01-10-2022,6580.26172,3910.047242,30.09579682,19.4403805,3.285730426,0.410501094,1.36218214,143.8168299,0.536491609,2290.114932,7336.885951,85.00775589,26.88753951,49.1951006,85.61807229,0.20215337,0.458940072,81.13649302,85.31291409,0.665847613
01-11-2022,5932.12072,3374.484148,29.46323005,16.67368065,0.070877268,0.251296061,-1.417801372,151.2711802,0.416240452,2290.114932,7336.885951,72.165069,26.88753951,49.1951006,88.45373311,0.20215337,0.458940072,19.13755319,80.30940105,0.600439618
01-12-2022,5422.74065,2930.881584,28.84974351,17.39574244,0.181220047,0.224076587,0.831361413,143.3453784,0.507996457,2290.114932,7336.885951,62.07188134,26.88753951,49.1951006,91.20386138,0.20215337,0.458940072,8.53752034,76.63787136,0.544305957
01-01-2023,5191.841394,2849.400136,28.3327573,16.62329621,0.223009171,0.209736004,-0.721115619,142.6517126,0.516030011,2290.114932,7336.885951,57.49669345,26.88753951,49.1951006,93.52139936,0.20215337,0.458940072,2.952892268,75.50904641,0.521703422
01-02-2023,4245.132256,2323.311945,33.97871611,17.53960139,0.188624797,0.203467393,-1.080692208,182.7927837,-0.030180796,2290.114932,7336.885951,38.73798348,26.88753951,49.1951006,68.21177998,0.20215337,0.458940072,0.511717933,53.47488173,0.424302879
01-03-2023,3463.031365,1867.712473,38.58195409,21.45131455,0.748191656,0.236530239,0.589042618,204.835932,-0.452078467,2290.114932,7336.885951,23.24092827,26.88753951,49.1951006,47.57645387,0.20215337,0.458940072,13.38732451,35.40869107,0.348522952
01-04-2023,3492.746485,1826.018609,41.71730429,24.47198398,1.186645992,0.239611557,2.402594646,218.7500014,-0.791774062,2290.114932,7336.885951,23.82972297,26.88753951,49.1951006,33.52135305,0.20215337,0.458940072,14.58727684,28.67553801,0.357880638
01-05-2023,3759.7487,2068.78165,41.9994533,25.92293945,0.623843546,0.257791288,0.797772194,214.8031249,-0.699516133,2290.114932,7336.885951,29.12027835,26.88753951,49.1951006,32.25653971,0.20215337,0.458940072,21.66697789,30.68840903,0.389308747
01-06-2023,2989.607836,1718.637441,42.01383691,27.28683635,3.462567967,0.260945283,-1.235842195,208.3271062,-0.469810922,2290.114932,7336.885951,13.86020687,26.88753951,49.1951006,32.19206109,0.20215337,0.458940072,22.89523278,23.02613398,0.281709421
01-07-2023,3623.569206,2547.168959,34.90660612,24.59958349,16.58444335,0.450685849,1.312762741,158.0104286,0.526889594,2290.114932,7336.885951,26.42192936,26.88753951,49.1951006,64.05224856,0.20215337,0.458940072,96.78557234,45.23708896,0.320056421
01-08-2023,6300.769717,4532.165842,29.71000985,22.4264717,4.485613993,0.41251915,-2.317238004,122.5354551,0.753072216,2290.114932,7336.885951,79.46971974,26.88753951,49.1951006,87.34747232,0.20215337,0.458940072,81.92238098,83.40859603,0.617984346
01-09-2023,7348.720432,5064.533073,28.69329443,22.61604737,10.70244334,0.436541772,1.262166092,110.8741392,0.897468083,2290.114932,7348.720432,100,26.88753951,49.1951006,91.90518893,0.20215337,0.458940072,91.27746898,95.95259446,0.739823287
01-10-2023,6480.791361,4166.191168,31.47713867,21.20125813,0.332246403,0.30370192,-1.5696418,146.4449214,0.475192904,2290.114932,7348.720432,82.84252308,26.88753951,49.1951006,79.42581376,0.20215337,0.458940072,39.54587563,81.13416842,0.654292417
01-11-2023,5754.067413,3376.744866,29.66366437,19.17557944,0.934249283,0.232255192,1.505641648,141.5151015,0.535959968,2290.114932,7348.720432,68.47643053,26.88753951,49.1951006,87.55522913,0.20215337,0.458940072,11.72250044,78.01582983,0.578788538
01-12-2023,5772.432208,3084.919925,26.03743697,15.939808,0.238019042,0.275620739,1.397631813,127.5717199,0.668985907,2290.114932,7348.720432,68.83947119,26.03743697,49.1951006,100,0.20215337,0.458940072,28.61027002,84.41973559,0.581061882
01-01-2024,5338.545624,2925.199746,26.88798834,17.03750787,0.236479838,0.2177995,-0.587576198,129.1651786,0.653824552,2290.114932,7348.720432,60.26227371,26.03743697,49.1951006,96.32712787,0.20215337,0.458940072,6.093045412,78.29470079,0.537386858
01-02-2024,4415.770215,2361.408883,31.78432477,19.97636227,0.370115282,0.231174454,0.636014066,155.3509372,0.370381546,2290.114932,7348.720432,42.02057827,26.03743697,49.1951006,75.18364592,0.20215337,0.458940072,11.30163057,58.60211209,0.442627226
01-03-2024,3565.294778,1923.260818,38.16131523,23.38934466,0.503281312,0.2296989,-0.128269238,193.2303435,-0.21388195,2290.114932,7348.720432,25.2081299,26.03743697,49.1951006,47.64636685,0.20215337,0.458940072,10.7270082,36.42724838,0.357490927
01-04-2024,3519.02824,1858.090859,40.72637497,25.97826702,0.955067961,0.220859161,1.901034062,203.3170726,-0.413394618,2290.114932,7348.720432,24.2935194,26.03743697,49.1951006,36.56986198,0.20215337,0.458940072,7.284563872,30.43169069,0.356047968
01-05-2024,3437.473871,1863.997658,39.72609985,27.47154066,0.671351994,0.217598902,0.931148769,186.2268715,-0.081294922,2290.114932,7348.720432,22.68132865,26.03743697,45.80887307,30.76545979,0.203467393,0.458940072,5.531514691,26.72339422,0.355014174
01-06-2024,3785.973612,2104.019185,39.64685096,26.98826749,6.108366145,0.318677274,0.110726905,188.2361421,-0.022106467,2682.512138,7348.720432,23.64792577,26.03743697,45.80887307,31.16628496,0.203467393,0.458940072,45.0967521,27.40710536,0.380620124
01-07-2024,2581.078794,2010.0089,26.47433655,23.97868217,12.92039532,0.45556768,0.402750702,70.35074227,1.173021589,2581.078794,7348.720432,0,26.03743697,45.80887307,97.7902486,0.203467393,0.458940072,98.67994019,48.8951243,0.218594093
01-08-2024,6210.624479,4550.191851,27.67906068,23.42983418,8.226618014,0.453392353,-0.483359609,92.49727651,1.009884009,2581.078794,7348.720432,76.12874374,26.03743697,45.80887307,91.69699305,0.203467393,0.458940072,97.82844924,83.91286839,0.600690017
01-09-2024,7273.240854,5010.43574,28.8795994,23.33331264,7.187731375,0.433877469,-0.099474889,107.021219,0.900003657,2581.078794,7348.720432,98.41683618,26.03743697,45.80887307,85.62490649,0.203467393,0.458940072,90.18971323,92.02087133,0.73039624
01-10-2024,6712.114722,4213.137807,30.0092401,22.53427575,1.419514796,0.394948998,0.038361315,124.7111508,0.706445556,2581.078794,7348.720432,86.6473666,26.03743697,45.80887307,79.91140799,0.203467393,0.458940072,74.95189166,83.2793873,0.681681595
01-11-2024,5816.574448,3489.103339,27.53157421,17.01149472,0.152939152,0.254580576,-0.766565235,134.5196825,0.600427408,2581.078794,7348.720432,67.86365042,26.03743697,45.80887307,92.44295034,0.203467393,0.458940072,20.00729891,80.15330038,0.587233541
01-12-2024,5535.493288,3050.59485,25.9956756,17.23916036,0.166118519,0.226677888,0.661896469,120.7241556,0.731027537,2581.078794,7348.720432,61.96804874,25.9956756,45.80887307,100,0.203467393,0.458940072,9.085313904,80.98402437,0.556388209
01-01-2025,5114.687742,2821.311721,26.58330487,16.56796893,0.229835994,0.211896377,-0.652768119,128.9735642,0.655594112,2581.078794,7348.720432,53.14176569,25.9956756,45.80887307,97.03415225,0.203467393,0.458940072,3.299367832,75.08795897,0.513304819
01-02-2025,3979.305565,2123.504423,31.99211029,20.10923617,0.225738171,0.203353135,-0.658980081,156.450647,0.354886355,2581.078794,7348.720432,29.32743014,25.9956756,45.80887307,69.73514901,0.203353135,0.458940072,0,49.53128957,0.398602863
01-03-2025,3260.378794,1757.344713,37.35561959,23.74513227,0.29048267,0.203347265,-0.983533513,184.6192756,-0.059818147,2581.078794,7348.720432,14.24813465,25.9956756,45.80887307,42.66476166,0.203347265,0.458940072,0,28.45644816,0.328077269
01-04-2025,3045.869394,1658.486109,40.90344347,26.93679482,0.354114555,0.2076251,0.057239353,200.0534155,-0.355555743,2581.078794,7348.720432,9.748857708,25.9956756,45.80887307,24.75839453,0.203347265,0.458940072,1.67369153,17.25362612,0.309660373
01-05-2025,3661.449251,2026.049513,38.12737127,26.61722418,2.328366133,0.301184497,3.09,176.1752017,0.110973682,2581.078794,7348.720432,22.66047952,25.9956756,44.57867592,34.71616283,0.203347265,0.458940072,38.27855437,28.68832117,0.376639367
01-06-2025,3296.721974,2132.150522,35.58663154,26.56946529,4.530509601,0.350975782,-0.628219459,151.911008,0.460786714,2581.078794,7348.720432,15.01042307,25.9956756,44.57867592,48.3885499,0.203347265,0.458940072,57.75926115,31.69948649,0.273939789
01-07-2025,5444.414399,3745.226753,28.24934354,21.50564985,12.11324746,0.451222442,0.179967014,114.7065466,0.879114872,2581.078794,7348.720432,60.05769355,25.9956756,44.57867592,87.87242157,0.203347265,0.458940072,96.98049819,73.96505756,0.548891054
01-08-2025,5440.225597,4157.643063,28.03751329,23.08227287,12.03661117,0.443120008,0.862825377,99.89894861,0.985646045,2581.078794,7348.720432,59.96983456,25.9956756,44.57867592,89.01233573,0.203347265,0.458940072,93.81044258,74.49108515,0.505459095
01-09-2025,7024.84833,4849.803069,27.23320712,23.26264959,9.66137739,0.454349613,0.894211264,88.78065652,1.043569967,2581.078794,7348.720432,93.20686985,25.9956756,44.57867592,93.34051823,0.203347265,0.458940072,98.20399533,93.27369404,0.686856459
